DayOfWeek,no_promo,promo,uplift_pct
1,6222.521494769302,9772.784368810118,0.5705505199178811
2,5716.241087324028,8277.201522342384,0.4480147698279171
3,5617.044778391875,7685.077815807073,0.3681710078884688
4,5749.837411807472,7598.070760762516,0.3214409759064907
5,6344.030127096337,7744.066218557273,0.22068559943956823
6,5874.840237959711,,
7,8224.723907598107,,
